{
  "average_iteration_time_excluding_first_sec": 51.28192910010464,
  "average_sync_time_excluding_first_sec": 212.50092202918006,
  "epoch_eval_history": [],
  "final_eval_results": {},
  "first_five_losses": [
    0.8880625367164612,
    0.7878373861312866,
    0.7104246616363525,
    0.7080576419830322,
    0.6762927770614624
  ],
  "iteration_times_sec": [
    31.20009909500368,
    106.68494784500217,
    36.00580880299094,
    45.84694336398388,
    93.89568423401215,
    76.91370918200118,
    31.124411705008242,
    45.76385657599894,
    44.32523560998379,
    39.880600169999525,
    31.224068376002833,
    154.6283786270069,
    37.24537573000998,
    43.33016693001264,
    43.77160209399881,
    61.89592121599708,
    43.37713842000812,
    31.531979705003323,
    30.913971992995357,
    115.20870468698558,
    32.770922733005136,
    32.96097076503793,
    65.15705884201452,
    31.112511462008115,
    30.738345220976043,
    31.2118190319743,
    76.16174316196702,
    31.00830428599147,
    43.74484499701066,
    31.248962722951546,
    43.37335831398377,
    66.95282850996591,
    35.16974912304431,
    92.59924673801288,
    32.323778233956546,
    38.80285352800274,
    31.336041191010736,
    58.4331896470394,
    30.038272029021755
  ],
  "per_device_train_batch_size": 16,
  "rank": 1,
  "sync_times_sec": [
    1.7994029789988417,
    485.1226908740646,
    149.4619117639959,
    214.56239691004157,
    927.4629461299628,
    527.5674597630277,
    18.736955021100584,
    122.25683417197433,
    127.79311055401922,
    226.64088687393814,
    21.45500348811038,
    1307.276691001025,
    44.33634081602213,
    270.241222665034,
    177.14739964000182,
    214.0874975869956,
    56.676706563011976,
    42.21009353702539,
    20.4966756629874,
    1002.5352694020548,
    23.808076233020984,
    31.155623199243564,
    456.7079804778914,
    15.496333474176936,
    21.977315829019062,
    40.84631778905168,
    162.00695040280698,
    18.196713990007993,
    199.75245396379614,
    16.57466697692871,
    73.13527103321394,
    207.47047322581057,
    44.08590733993333,
    200.40886830195086,
    52.5064500667504,
    48.15006135805743,
    18.932764541939832,
    467.03603976091836,
    20.718676719930954
  ],
  "total_train_batch_size": 64,
  "world_size": 4
}