{
  "average_iteration_time_excluding_first_sec": 51.282795656819395,
  "average_sync_time_excluding_first_sec": 214.0285549553618,
  "epoch_eval_history": [],
  "final_eval_results": {},
  "first_five_losses": [
    0.8660660982131958,
    0.6545122861862183,
    0.6897085309028625,
    0.6997274160385132,
    0.7447348833084106
  ],
  "iteration_times_sec": [
    31.125051737006288,
    106.7014570919855,
    35.99780843901681,
    45.846819376019994,
    93.89584062900394,
    76.9101727399975,
    31.119481969013577,
    45.7482066929806,
    44.3428859069827,
    39.85298733401578,
    31.22917429797235,
    154.62792425701628,
    37.237384322012076,
    43.32658388299751,
    43.77604756798246,
    61.89913001001696,
    43.378975909989094,
    31.530929927015677,
    30.92741798100178,
    115.20854365199921,
    32.77988773101242,
    32.944714479963295,
    65.1990841649822,
    31.11089782405179,
    30.75942500901874,
    31.2201340799802,
    76.17037445004098,
    31.006326632981654,
    43.766614756023046,
    31.253611177031416,
    43.353243571997155,
    66.9500303939567,
    35.170795765996445,
    92.90679374802858,
    32.00134526297916,
    38.80019060301129,
    31.345791537023615,
    58.4204660950345,
    30.028735689003952
  ],
  "per_device_train_batch_size": 16,
  "rank": 2,
  "sync_times_sec": [
    1.5511240659980103,
    485.9907307770627,
    153.46546261102776,
    217.45028640894452,
    929.4910432119796,
    524.9306937899964,
    15.431470688985428,
    124.0553939040692,
    129.63378949998878,
    227.63630558294244,
    21.98358981401543,
    1308.064492918027,
    43.795371487009106,
    271.6802570070431,
    178.64296292094514,
    213.0630028269661,
    57.23367357702227,
    39.22020773001714,
    21.882143607916078,
    1007.1879857488675,
    21.675833759945817,
    27.33515219500987,
    458.5752336430014,
    20.396636383899022,
    22.300273919012398,
    42.51080583507428,
    200.94814058882184,
    21.670775533886626,
    200.65291633602465,
    18.620673458033707,
    71.74538918002509,
    208.4953699769103,
    42.370274443062954,
    203.15762620099122,
    49.40694860700751,
    50.755629796069115,
    17.063557016081177,
    466.51374400703935,
    18.051243311027065
  ],
  "total_train_batch_size": 64,
  "world_size": 4
}