{
  "average_iteration_time_excluding_first_sec": 51.280160776949884,
  "average_sync_time_excluding_first_sec": 209.3221077329623,
  "epoch_eval_history": [
    {
      "epoch": 1,
      "metrics": {
        "acc": 0.5956678700361011,
        "eval_loss": 0.6747497967311314
      }
    }
  ],
  "final_eval_results": {
    "acc": 0.5956678700361011,
    "eval_loss": 0.6747497967311314
  },
  "first_five_losses": [
    0.9110654592514038,
    0.8916023373603821,
    0.6934890747070312,
    0.6289049983024597,
    0.7482103109359741
  ],
  "iteration_times_sec": [
    38.91065160598373,
    106.73017012199853,
    35.98944889899576,
    45.84289918097784,
    93.87954914200236,
    76.90486147301272,
    31.133970085997134,
    45.73342719100765,
    44.32768012001179,
    39.87287394597661,
    31.214855634985724,
    154.62537440800224,
    37.25195159201394,
    43.31125944701489,
    43.77811492502224,
    61.89154130400857,
    43.37238182401052,
    31.530866418004734,
    30.914062210009433,
    115.2078935559839,
    32.78428810299374,
    32.932703384023625,
    65.19612283399329,
    31.107189933012705,
    30.7546512800036,
    31.21340061700903,
    76.15407881903229,
    31.01691668998683,
    43.746425843040925,
    31.24401509697782,
    43.375740028976,
    66.94881862396142,
    35.16639746399596,
    92.59259086300153,
    32.3173618640285,
    38.80269281100482,
    31.326986194006167,
    58.42989203002071,
    30.022655565990135
  ],
  "per_device_train_batch_size": 16,
  "rank": 0,
  "sync_times_sec": [
    9.798797256022226,
    476.01863715887885,
    152.09193109592889,
    240.38922769506462,
    926.804753502016,
    522.8848898250726,
    16.199137388990493,
    115.81801969491062,
    126.35952305601677,
    224.8974516930175,
    14.942555119021563,
    1304.453228180966,
    41.89029443002073,
    268.37630191707285,
    173.90372864503297,
    210.8859821689257,
    52.99850718298694,
    36.295506920985645,
    19.741795328009175,
    1002.9149370550003,
    18.710629711975344,
    29.484720244130585,
    454.71623035892844,
    13.264163148822263,
    21.57138493709499,
    40.104239993030205,
    149.93010241008596,
    17.820208874938544,
    198.4156828651321,
    14.844744545058347,
    66.04581944417441,
    166.1215681640897,
    41.290346429042984,
    196.80361424700823,
    53.39130957511952,
    48.87637162703322,
    14.519855540944263,
    465.2431489759474,
    15.219544702093117
  ],
  "total_train_batch_size": 64,
  "world_size": 4
}