{
  "average_iteration_time_excluding_first_sec": 51.28272501586272,
  "average_sync_time_excluding_first_sec": 215.1644264469015,
  "epoch_eval_history": [],
  "final_eval_results": {},
  "first_five_losses": [
    0.6161889433860779,
    0.6550287008285522,
    0.7628292441368103,
    0.7979575395584106,
    0.70976322889328
  ],
  "iteration_times_sec": [
    31.130092438019346,
    106.69696607199148,
    36.00523304397939,
    45.83626658798312,
    93.88614006899297,
    76.90448070500861,
    31.145005113008665,
    45.761916182993446,
    44.31597801900352,
    39.86445337897749,
    31.225082569988444,
    154.62870185400243,
    37.24346993799554,
    43.32346372201573,
    43.784387616004096,
    61.89398985900334,
    43.38210664197686,
    31.528174498991575,
    30.924782715010224,
    115.22062961797928,
    32.776869315013755,
    32.93529372900957,
    65.19631918997038,
    31.107027348014526,
    30.764771848975215,
    31.21245461999206,
    76.17343389900634,
    31.010317929962184,
    43.76044197496958,
    31.239564265997615,
    43.36809086200083,
    66.95134008600144,
    35.160533057991415,
    92.59920216101455,
    32.319183823943604,
    38.79768400499597,
    31.340688090014737,
    58.42824463901343,
    30.0308615519898
  ],
  "per_device_train_batch_size": 16,
  "rank": 3,
  "sync_times_sec": [
    1.79331323801307,
    487.4556162119261,
    153.56102906592423,
    216.95798188602203,
    927.8652337180392,
    529.1138128409802,
    18.26956053104368,
    124.93715949499165,
    131.6357772219926,
    227.4643452441378,
    23.91465587800485,
    1307.5222792540153,
    44.422127350990195,
    270.6956968350569,
    193.8281871949439,
    214.6807620669715,
    54.02551810408477,
    41.62016140806372,
    19.530853444011882,
    1004.5799498560664,
    25.670881806057878,
    32.906834269932006,
    506.9701413389412,
    17.726669102092274,
    27.158867863938212,
    43.46524890611181,
    161.6730032771011,
    16.355332451988943,
    195.0219701429014,
    16.12880355794914,
    74.50979738478782,
    207.1655197640066,
    42.97796007397119,
    202.3818845450296,
    55.059356834040955,
    50.12230412801728,
    19.61549466609722,
    467.9314428730868,
    21.325984388939105
  ],
  "total_train_batch_size": 64,
  "world_size": 4
}