{
  "average_iteration_time_excluding_first_sec": 30.305601208789373,
  "average_sync_time_excluding_first_sec": 2.089295301502142,
  "epoch_eval_history": [],
  "final_eval_results": {},
  "first_five_losses": [
    0.6161889433860779,
    0.6550287008285522,
    0.7628293037414551,
    0.7979575395584106,
    0.7097632884979248
  ],
  "iteration_times_sec": [
    31.03573324001627,
    31.174555122037418,
    30.949544698989484,
    31.275312787969597,
    30.849918748019263,
    30.22892010200303,
    31.234146858972963,
    30.239023209025618,
    30.016008734994102,
    30.11923894402571,
    30.165865434973966,
    30.17435409699101,
    30.292368601018097,
    30.18976690497948,
    30.09726214001421,
    30.163404208025895,
    30.2630936439964,
    30.573115606966894,
    30.16786997404415,
    30.110985053004697,
    30.11332563398173,
    30.44518475799123,
    30.160812109010294,
    30.382882064965088,
    30.04600799200125,
    29.944681798981037,
    30.12309147400083,
    30.224957305996213,
    30.348403397016227,
    30.102778616012074,
    30.25245966797229,
    30.166348050988745,
    30.820259658969007,
    29.980445872002747,
    30.083383171993773,
    30.23121480603004,
    30.275238343980163,
    31.045128583034966,
    28.581487759016454
  ],
  "per_device_train_batch_size": 16,
  "profiler": {
    "communication_events": [
      {
        "count": 603,
        "cpu_time_total_us": 43656.60299986228,
        "name": "c10d::allreduce_",
        "self_cpu_time_total_us": 43656.60299986228
      },
      {
        "count": 603,
        "cpu_time_total_us": 5943755.898999952,
        "name": "gloo:all_reduce",
        "self_cpu_time_total_us": 0
      }
    ],
    "profiled_iteration_times_sec": [
      31.174555122037418,
      30.949544698989484,
      31.275312787969597
    ],
    "profiled_sync_overhead_pct": [
      7.05943063955587,
      6.05104438274579,
      7.667759700081256
    ],
    "profiled_sync_times_sec": [
      2.2007460960303433,
      1.8727706859936006,
      2.3981158300302923
    ],
    "trace_file": "/users/Shuzhen/COS568-DistLM-SP26/task4/results/all_reduce/traces/task2b_rank3.json"
  },
  "rank": 3,
  "sync_times_sec": [
    2.2022964649950154,
    2.2007460960303433,
    1.8727706859936006,
    2.3981158300302923,
    2.4421451189555228,
    1.8488427000120282,
    2.9003177789854817,
    2.095217082009185,
    1.8676848049508408,
    2.018110486038495,
    2.0051871520117857,
    1.9508853389997967,
    1.9752875469857827,
    2.071079268003814,
    2.043442459020298,
    2.068857657024637,
    2.090512019000016,
    2.2331144509953447,
    2.0089944799547084,
    1.971614800975658,
    1.9768135720514692,
    2.268988077004906,
    2.0284724950324744,
    2.244713582971599,
    1.8572646899847314,
    1.7295666220015846,
    1.948750277981162,
    2.1215461090323515,
    2.136824772984255,
    1.6944708120427094,
    2.1466681510210037,
    1.985625195025932,
    2.519282025983557,
    1.8242493579746224,
    1.9829942610231228,
    2.112626818008721,
    2.065739849989768,
    2.678486173041165,
    2.007212857948616
  ],
  "total_train_batch_size": 64,
  "world_size": 4
}