{
  "average_iteration_time_excluding_first_sec": 30.30263334617025,
  "average_sync_time_excluding_first_sec": 1.975959121131669,
  "epoch_eval_history": [],
  "final_eval_results": {},
  "first_five_losses": [
    0.8880625367164612,
    0.7878372669219971,
    0.7104246616363525,
    0.7080575227737427,
    0.676292896270752
  ],
  "iteration_times_sec": [
    31.094616544025484,
    31.191331117006484,
    30.94968202704331,
    31.279634918028023,
    30.745853875007015,
    30.230347822012845,
    31.233282044995576,
    30.216651335998904,
    30.020770582021214,
    30.120818582945503,
    30.167554204002954,
    30.177824890997726,
    30.294840919959825,
    30.16961884702323,
    30.097739212971646,
    30.14628404303221,
    30.233242462039925,
    30.575828268018086,
    30.13991380704101,
    30.112627282040194,
    30.115641684038565,
    30.448468938004225,
    30.167059691040777,
    30.37951093504671,
    30.052039913018234,
    29.94620266603306,
    30.125593118020333,
    30.23633973003598,
    30.34842105297139,
    30.11126188497292,
    30.25696818099823,
    30.177071224024985,
    30.806413278973196,
    29.98939491400961,
    30.083631375047844,
    30.225038237986155,
    30.277371420001145,
    31.057346853020135,
    28.592445815040264
  ],
  "per_device_train_batch_size": 16,
  "profiler": {
    "communication_events": [
      {
        "count": 603,
        "cpu_time_total_us": 42197.38500017673,
        "name": "c10d::allreduce_",
        "self_cpu_time_total_us": 42197.38500017673
      },
      {
        "count": 603,
        "cpu_time_total_us": 6054216.872999977,
        "name": "gloo:all_reduce",
        "self_cpu_time_total_us": 0
      }
    ],
    "profiled_iteration_times_sec": [
      31.191331117006484,
      30.94968202704331,
      31.279634918028023
    ],
    "profiled_sync_overhead_pct": [
      7.261196127014062,
      6.602595872305233,
      7.323361896514797
    ],
    "profiled_sync_times_sec": [
      2.264863727032207,
      2.043482428009156,
      2.2907208649558015
    ],
    "trace_file": "/users/Shuzhen/COS568-DistLM-SP26/task4/results/all_reduce/traces/task2b_rank1.json"
  },
  "rank": 1,
  "sync_times_sec": [
    1.9674504389986396,
    2.264863727032207,
    2.043482428009156,
    2.2907208649558015,
    2.2493566509801894,
    1.93374104303075,
    2.996897289005574,
    1.9953228840022348,
    1.724408123001922,
    1.8363615309935994,
    1.653413548017852,
    2.0090237659751438,
    1.8189814480138011,
    2.0002839009976014,
    1.7663767699850723,
    1.825118720997125,
    1.7782591370050795,
    2.2720965280313976,
    1.80871756299166,
    1.886475958977826,
    1.789198293001391,
    2.038022181019187,
    2.0574945979751647,
    2.256300991983153,
    1.688839805952739,
    1.738861851976253,
    1.9196692500263453,
    1.8557065129862167,
    1.8269055030541494,
    1.986098219989799,
    2.0365209110314026,
    1.860548721975647,
    2.4855232040281408,
    1.858548743010033,
    1.7982653719955124,
    1.8548058699816465,
    1.9913605980109423,
    1.8253115600091405,
    2.064562532992568
  ],
  "total_train_batch_size": 64,
  "world_size": 4
}