{
  "average_iteration_time_excluding_first_sec": 30.301236468554155,
  "average_sync_time_excluding_first_sec": 1.8967115384002682,
  "epoch_eval_history": [
    {
      "epoch": 1,
      "metrics": {
        "acc": 0.5956678700361011,
        "eval_loss": 0.6747497779982431
      }
    }
  ],
  "final_eval_results": {
    "acc": 0.5956678700361011,
    "eval_loss": 0.6747497779982431
  },
  "first_five_losses": [
    0.9110654592514038,
    0.8916022777557373,
    0.6934890151023865,
    0.6289050579071045,
    0.7482103705406189
  ],
  "iteration_times_sec": [
    38.8465435699909,
    31.1651566689834,
    30.947646959975827,
    31.273996806994546,
    30.827174937003292,
    30.228036752028856,
    31.228297821013257,
    30.24883266800316,
    30.002671775000636,
    30.116139808029402,
    30.166436047991738,
    30.17677579895826,
    30.268051371036563,
    30.18883784901118,
    30.09920078603318,
    30.154316121013835,
    30.24863558099605,
    30.57519556803163,
    30.16855012101587,
    30.113316320988815,
    30.11226212204201,
    30.447945024003275,
    30.11564582498977,
    30.382319108000956,
    30.048555517976638,
    29.942889502970502,
    30.123994202993345,
    30.23575048497878,
    30.331009563000407,
    30.07457177597098,
    30.25873350899201,
    30.16588231700007,
    30.789662352006417,
    29.986902833974455,
    30.08269571105484,
    30.22956346097635,
    30.274609246989712,
    31.054450422001537,
    28.59227306302637
  ],
  "per_device_train_batch_size": 16,
  "profiler": {
    "communication_events": [
      {
        "count": 603,
        "cpu_time_total_us": 42595.13799987361,
        "name": "c10d::allreduce_",
        "self_cpu_time_total_us": 42595.13799987361
      },
      {
        "count": 603,
        "cpu_time_total_us": 4938407.8399999365,
        "name": "gloo:all_reduce",
        "self_cpu_time_total_us": 0
      }
    ],
    "profiled_iteration_times_sec": [
      31.1651566689834,
      30.947646959975827,
      31.273996806994546
    ],
    "profiled_sync_overhead_pct": [
      5.804814508776232,
      5.963710392513725,
      5.800279127056748
    ],
    "profiled_sync_times_sec": [
      1.809079536003992,
      1.8456280379905365,
      1.8139791089924984
    ],
    "trace_file": "/users/Shuzhen/COS568-DistLM-SP26/task4/results/all_reduce/traces/task2b_rank0.json"
  },
  "rank": 0,
  "sync_times_sec": [
    9.516679287014995,
    1.809079536003992,
    1.8456280379905365,
    1.8139791089924984,
    1.7008635620004497,
    1.7463513760012574,
    2.8601041920483112,
    1.8244832580094226,
    1.7216147250146605,
    1.8075757500482723,
    1.7735100910067558,
    1.8443372800247744,
    1.9057908940012567,
    2.0217120720189996,
    1.7875270080403425,
    1.7552039750153199,
    1.8204311450244859,
    2.2497713320190087,
    1.8918381439871155,
    1.7951797290006652,
    1.8929873220040463,
    1.7616741370293312,
    1.7065578759647906,
    1.715689876000397,
    1.8726332120131701,
    1.690171852009371,
    1.800537891977001,
    1.9962776150205173,
    2.028770324017387,
    1.8517722839605995,
    1.9703773180372082,
    1.8851744610001333,
    2.093818756984547,
    1.7756386789842509,
    1.780560182989575,
    1.8865287910448387,
    1.769465812947601,
    2.78188272198895,
    1.8395381289883517
  ],
  "total_train_batch_size": 64,
  "world_size": 4
}