{
  "average_iteration_time_excluding_first_sec": 30.300946514632273,
  "average_sync_time_excluding_first_sec": 2.0791951607633994,
  "epoch_eval_history": [],
  "final_eval_results": {},
  "first_five_losses": [
    0.8660660982131958,
    0.654512345790863,
    0.6897085905075073,
    0.6997275352478027,
    0.7447348237037659
  ],
  "iteration_times_sec": [
    31.006397056975402,
    31.18845637899358,
    30.947382884041872,
    31.274997349013574,
    30.712155061017256,
    30.228866100951564,
    31.229378455027472,
    30.238552042050287,
    30.017908114008605,
    30.118825736048166,
    30.165526245022193,
    30.17812508100178,
    30.268408920965157,
    30.191091886954382,
    30.095451581000816,
    30.164152093988378,
    30.258797949005384,
    30.57311470300192,
    30.168201786989812,
    30.112070710980333,
    30.1152521870099,
    30.425415083998814,
    30.16066429100465,
    30.38127189700026,
    30.04875917598838,
    29.945612651994452,
    30.122956788050942,
    30.23264143796405,
    30.329076697991695,
    30.106813283986412,
    30.25623065099353,
    30.144877811020706,
    30.8207409089664,
    29.984051915002055,
    30.081892936956137,
    30.23064035899006,
    30.273507865029387,
    31.05752297397703,
    28.58657556003891
  ],
  "per_device_train_batch_size": 16,
  "profiler": {
    "communication_events": [
      {
        "count": 603,
        "cpu_time_total_us": 44275.39200009778,
        "name": "c10d::allreduce_",
        "self_cpu_time_total_us": 44275.39200009778
      },
      {
        "count": 603,
        "cpu_time_total_us": 6095365.74300015,
        "name": "gloo:all_reduce",
        "self_cpu_time_total_us": 0
      }
    ],
    "profiled_iteration_times_sec": [
      31.18845637899358,
      30.947382884041872,
      31.274997349013574
    ],
    "profiled_sync_overhead_pct": [
      7.307004063743256,
      6.399284852067658,
      7.525398223675267
    ],
    "profiled_sync_times_sec": [
      2.2789417750318535,
      1.9804111850098707,
      2.3535680949571542
    ],
    "trace_file": "/users/Shuzhen/COS568-DistLM-SP26/task4/results/all_reduce/traces/task2b_rank2.json"
  },
  "rank": 2,
  "sync_times_sec": [
    1.7797572599956766,
    2.2789417750318535,
    1.9804111850098707,
    2.3535680949571542,
    2.0010152960312553,
    1.8674760430003516,
    1.7619226779788733,
    2.0401081010350026,
    1.915887664014008,
    2.062362996977754,
    2.069713069999125,
    2.0107261260272935,
    2.083108392020222,
    1.7573511279770173,
    2.024953855026979,
    2.10620401595952,
    2.155634793045465,
    2.4829987559933215,
    2.0726800989941694,
    2.039715853985399,
    1.774878743046429,
    2.327084306976758,
    2.0217443560250103,
    2.246998382965103,
    1.9100730470381677,
    1.845760538999457,
    1.9555297530023381,
    2.093514638952911,
    2.043985248019453,
    2.0658777779899538,
    1.8547311729635112,
    1.7579087149933912,
    2.693608839996159,
    1.809917527018115,
    1.9922128680045716,
    2.053014750999864,
    2.231878920982126,
    2.9865274819894694,
    2.2793891159817576
  ],
  "total_train_batch_size": 64,
  "world_size": 4
}