{
  "average_iteration_time_excluding_first_sec": 49.59992801138861,
  "average_sync_time_excluding_first_sec": 212.19913604028682,
  "epoch_eval_history": [],
  "final_eval_results": {},
  "first_five_losses": [
    0.6161889433860779,
    0.6550287008285522,
    0.7628292441368103,
    0.7979575395584106,
    0.70976322889328
  ],
  "iteration_times_sec": [
    30.68904736096738,
    39.16018948802957,
    32.16467152500991,
    67.47982661798596,
    31.411260433029383,
    107.44538502400974,
    34.50924586196197,
    31.064049326989334,
    31.050695109996013,
    76.13751033198787,
    58.190682524989825,
    58.86267076100921,
    33.11247147800168,
    47.69622978899861,
    31.207070161006413,
    31.205978365032934,
    77.65608029201394,
    137.67464753397508,
    31.284094356000423,
    70.65760771598434,
    33.84533498599194,
    80.13201813399792,
    40.66534318798222,
    114.88057414995274,
    36.28061848098878,
    37.15003656502813,
    38.9089488729951,
    31.388126764970366,
    38.36534933396615,
    30.976524388999678,
    31.13770027301507,
    31.04770562995691,
    89.35317358700559,
    31.34304633300053,
    31.1733275190345,
    60.61157187598292,
    35.216469968960155,
    35.252390519948676,
    29.098637164977845
  ],
  "per_device_train_batch_size": 16,
  "profiler": {
    "communication_events": [
      {
        "count": 2,
        "cpu_time_total_us": 113.74099999992177,
        "name": "c10d::broadcast_",
        "self_cpu_time_total_us": 113.74099999992177
      },
      {
        "count": 2,
        "cpu_time_total_us": 34863.00499999989,
        "name": "gloo:broadcast",
        "self_cpu_time_total_us": 0
      },
      {
        "count": 42,
        "cpu_time_total_us": 4551.418000048026,
        "name": "c10d::allreduce_",
        "self_cpu_time_total_us": 4551.418000048026
      },
      {
        "count": 42,
        "cpu_time_total_us": 172385017.31000006,
        "name": "gloo:all_reduce",
        "self_cpu_time_total_us": 0
      }
    ],
    "profiled_iteration_times_sec": [
      39.16018948802957,
      32.16467152500991,
      67.47982661798596
    ],
    "profiled_sync_overhead_pct": [
      476.09991376291003,
      59.26911131768419,
      705.2285040759475
    ],
    "profiled_sync_times_sec": [
      186.44162838190095,
      19.06371497112559,
      475.88697181106545
    ],
    "trace_file": "/users/Shuzhen/COS568-DistLM-SP26/task4/results/ddp/traces/task3_rank3.json"
  },
  "rank": 3,
  "sync_times_sec": [
    1.5361940379953012,
    186.44162838190095,
    19.06371497112559,
    475.88697181106545,
    18.572693496884312,
    921.8307644550223,
    27.4278841871419,
    20.164341795025393,
    19.877731890010182,
    637.8217269449378,
    131.26154697086895,
    475.28676681098295,
    113.33889100590022,
    266.1251988221193,
    24.596029892854858,
    21.966898465936538,
    534.0956486238865,
    442.3784250979661,
    23.48988794599427,
    268.84904402913526,
    29.40571388101671,
    558.6838198230253,
    146.8723571500159,
    1004.2258070659591,
    51.89290976995835,
    34.714295109093655,
    166.48803864000365,
    20.110001319088042,
    120.44174028880661,
    22.08687715017004,
    19.299252088938374,
    20.55155904003186,
    580.5559124111314,
    19.472014583996497,
    24.731792913167737,
    368.74412845791085,
    60.80123176786583,
    169.2854799029883,
    16.72844256897224
  ],
  "total_train_batch_size": 64,
  "world_size": 4
}