{
  "average_iteration_time_excluding_first_sec": 49.600680177626934,
  "average_sync_time_excluding_first_sec": 205.28704387706392,
  "epoch_eval_history": [
    {
      "epoch": 1,
      "metrics": {
        "acc": 0.5956678700361011,
        "eval_loss": 0.6747497967311314
      }
    }
  ],
  "final_eval_results": {
    "acc": 0.5956678700361011,
    "eval_loss": 0.6747497967311314
  },
  "first_five_losses": [
    0.9110654592514038,
    0.8916023373603821,
    0.6934890747070312,
    0.6289049983024597,
    0.7482103109359741
  ],
  "iteration_times_sec": [
    38.45174072496593,
    39.12174246401992,
    32.175191213027574,
    67.47246520797489,
    31.3857803089777,
    107.47696005698526,
    34.502082418999635,
    31.067940384033136,
    31.058850204979535,
    76.13361596799223,
    58.18229056498967,
    58.86620953498641,
    33.12192264199257,
    47.693880942009855,
    31.208669198967982,
    31.20362770202337,
    77.67087942000944,
    137.6866814289824,
    31.271029377006926,
    70.66489826398902,
    33.85873888898641,
    80.13156999496277,
    40.659353111987,
    114.88878210395342,
    36.29119344998617,
    37.14334269799292,
    38.91756999999052,
    31.389376172970515,
    38.36421124503249,
    30.978275369037874,
    31.1444274620153,
    31.006427111045923,
    89.35727110900916,
    31.347284301999025,
    31.161470553954132,
    60.62562779599102,
    35.205634967947844,
    35.28102261701133,
    29.10955049400218
  ],
  "per_device_train_batch_size": 16,
  "profiler": {
    "communication_events": [
      {
        "count": 2,
        "cpu_time_total_us": 113.9000000001397,
        "name": "c10d::broadcast_",
        "self_cpu_time_total_us": 113.9000000001397
      },
      {
        "count": 2,
        "cpu_time_total_us": 424.80099999997765,
        "name": "gloo:broadcast",
        "self_cpu_time_total_us": 0
      },
      {
        "count": 42,
        "cpu_time_total_us": 6070.9589999727905,
        "name": "c10d::allreduce_",
        "self_cpu_time_total_us": 6070.9589999727905
      },
      {
        "count": 42,
        "cpu_time_total_us": 167953044.91700006,
        "name": "gloo:all_reduce",
        "self_cpu_time_total_us": 0
      }
    ],
    "profiled_iteration_times_sec": [
      39.12174246401992,
      32.175191213027574,
      67.47246520797489
    ],
    "profiled_sync_overhead_pct": [
      478.80729544793604,
      47.63378113152195,
      699.1762054726573
    ],
    "profiled_sync_times_sec": [
      187.3177570240805,
      15.326260161062237,
      471.75142197997775
    ],
    "trace_file": "/users/Shuzhen/COS568-DistLM-SP26/task4/results/ddp/traces/task3_rank0.json"
  },
  "rank": 0,
  "sync_times_sec": [
    8.883042452041991,
    187.3177570240805,
    15.326260161062237,
    471.75142197997775,
    14.629053338139784,
    917.5329226338654,
    23.05792722501792,
    17.454029989079572,
    17.494120360992383,
    632.426062887127,
    128.7735825291602,
    469.8034601690597,
    110.14625420398079,
    260.09691437589936,
    18.14357601798838,
    14.35591938107973,
    529.7984784249566,
    332.80368552193977,
    16.679778699937742,
    267.0185637299437,
    26.950965336931404,
    553.7332994449534,
    144.56529783899896,
    1000.303855835984,
    47.43197318306193,
    28.390642220911104,
    163.52832862915238,
    14.84040716290474,
    117.78563864406897,
    20.83349045383511,
    16.31822618097067,
    16.402425320004113,
    575.2748215550091,
    12.844704860064667,
    17.872846947226208,
    361.947241672955,
    56.91559281304944,
    163.78204563399777,
    16.576094941061456
  ],
  "total_train_batch_size": 64,
  "world_size": 4
}