{
  "average_iteration_time_excluding_first_sec": 49.60276079196851,
  "average_sync_time_excluding_first_sec": 211.4725025859983,
  "epoch_eval_history": [],
  "final_eval_results": {},
  "first_five_losses": [
    0.8660660982131958,
    0.6545122861862183,
    0.6897085309028625,
    0.6997274160385132,
    0.7447348833084106
  ],
  "iteration_times_sec": [
    30.663534833991434,
    39.16219717398053,
    32.174084144004155,
    67.47928611194948,
    31.496664021979086,
    107.44807587499963,
    34.51347294397419,
    31.052082579990383,
    31.055289314012043,
    76.54259052296402,
    57.77904168597888,
    58.87182916601887,
    33.1186540100025,
    47.70801765396027,
    31.201919914979953,
    31.19613533100346,
    77.65819770505186,
    137.6852856479818,
    31.285749574017245,
    70.65763100102777,
    33.84364709199872,
    80.13105434400495,
    40.663153341040015,
    114.89120478800032,
    36.268060705042444,
    37.153891990019474,
    38.92597799497889,
    31.3810161309666,
    38.3425793320057,
    30.98871008999413,
    31.120690552983433,
    31.042198035982437,
    89.34326589596458,
    31.354733626998495,
    31.164182181993965,
    60.61030757200206,
    35.21407835895661,
    35.27865305397427,
    29.101300630019978
  ],
  "per_device_train_batch_size": 16,
  "profiler": {
    "communication_events": [
      {
        "count": 2,
        "cpu_time_total_us": 120.40099999995437,
        "name": "c10d::broadcast_",
        "self_cpu_time_total_us": 120.40099999995437
      },
      {
        "count": 2,
        "cpu_time_total_us": 40658.976000000024,
        "name": "gloo:broadcast",
        "self_cpu_time_total_us": 0
      },
      {
        "count": 42,
        "cpu_time_total_us": 6461.342000033706,
        "name": "c10d::allreduce_",
        "self_cpu_time_total_us": 6461.342000033706
      },
      {
        "count": 42,
        "cpu_time_total_us": 171194622.47399995,
        "name": "gloo:all_reduce",
        "self_cpu_time_total_us": 0
      }
    ],
    "profiled_iteration_times_sec": [
      39.16219717398053,
      32.174084144004155,
      67.47928611194948
    ],
    "profiled_sync_overhead_pct": [
      474.26442970515234,
      58.954567446461326,
      701.6045190793939
    ],
    "profiled_sync_times_sec": [
      185.73237108718604,
      18.96809213695815,
      473.4377208039514
    ],
    "trace_file": "/users/Shuzhen/COS568-DistLM-SP26/task4/results/ddp/traces/task3_rank2.json"
  },
  "rank": 2,
  "sync_times_sec": [
    1.5859154670033604,
    185.73237108718604,
    18.96809213695815,
    473.4377208039514,
    20.38817326212302,
    919.0527499380987,
    26.951961631071754,
    22.212773646984715,
    21.878316346090287,
    637.6170194350416,
    122.3053672001115,
    474.0480883428827,
    114.09251080692047,
    262.82342560304096,
    23.56798976304708,
    17.701924737077206,
    533.0751984100207,
    336.31449768703897,
    23.053466010140255,
    267.75396191485925,
    33.03900563006755,
    558.4374365910771,
    147.72786027600523,
    1099.344811399118,
    50.21408474602504,
    36.57779559993651,
    168.28600593603915,
    23.559895358921494,
    122.47695528197801,
    19.944899992027786,
    19.26660695206374,
    18.85898697306402,
    578.0099597578519,
    20.5854058630066,
    25.76383349095704,
    365.2409595909412,
    62.47439896303695,
    168.0217837660457,
    17.1488033371279
  ],
  "total_train_batch_size": 64,
  "world_size": 4
}