{
  "average_iteration_time_excluding_first_sec": 49.60036081344342,
  "average_sync_time_excluding_first_sec": 207.78033583944105,
  "epoch_eval_history": [],
  "final_eval_results": {},
  "first_five_losses": [
    0.8880625367164612,
    0.7878373861312866,
    0.7104246616363525,
    0.7080576419830322,
    0.6762927770614624
  ],
  "iteration_times_sec": [
    30.659573399985675,
    39.13986184395617,
    32.160821544996,
    67.4776937449933,
    31.501453631964978,
    107.4462787299999,
    34.50946904998273,
    31.065641277004033,
    31.05336286703823,
    76.13825385499513,
    58.17379351699492,
    58.8743833740009,
    33.106885944027454,
    47.68825474596815,
    31.205083142966032,
    31.20808982697781,
    77.65109084901633,
    137.67421867599478,
    31.285041067982092,
    70.6654368150048,
    33.834592996980064,
    80.13840203901054,
    40.66174588399008,
    114.88171411200892,
    36.277374531026,
    37.15080343198497,
    38.922799061983824,
    31.390256569953635,
    38.35847987502348,
    30.97566477500368,
    31.131812267994974,
    31.051944224978797,
    89.3503215489909,
    31.322384346975014,
    31.166426431038417,
    60.61938270099927,
    35.20739107398549,
    35.243624726019334,
    29.103475809039082
  ],
  "per_device_train_batch_size": 16,
  "profiler": {
    "communication_events": [
      {
        "count": 2,
        "cpu_time_total_us": 113.38100000005215,
        "name": "c10d::broadcast_",
        "self_cpu_time_total_us": 113.38100000005215
      },
      {
        "count": 2,
        "cpu_time_total_us": 16705.515999999945,
        "name": "gloo:broadcast",
        "self_cpu_time_total_us": 0
      },
      {
        "count": 42,
        "cpu_time_total_us": 4341.229000048712,
        "name": "c10d::allreduce_",
        "self_cpu_time_total_us": 4341.229000048712
      },
      {
        "count": 42,
        "cpu_time_total_us": 174375465.98499995,
        "name": "gloo:all_reduce",
        "self_cpu_time_total_us": 0
      }
    ],
    "profiled_iteration_times_sec": [
      39.13986184395617,
      32.160821544996,
      67.4776937449933
    ],
    "profiled_sync_overhead_pct": [
      473.8534114387027,
      66.3117475969265,
      703.8565125504549
    ],
    "profiled_sync_times_sec": [
      185.46557057998143,
      21.3264028080157,
      474.9461419429863
    ],
    "trace_file": "/users/Shuzhen/COS568-DistLM-SP26/task4/results/ddp/traces/task3_rank1.json"
  },
  "rank": 1,
  "sync_times_sec": [
    1.5029403929947875,
    185.46557057998143,
    21.3264028080157,
    474.9461419429863,
    19.91868243907811,
    917.5344326489721,
    27.733484443917405,
    21.534267132927198,
    21.73873556696344,
    638.1305248871213,
    132.4119711499079,
    438.42681139404885,
    112.87202555389376,
    236.59687634796137,
    21.41230829298729,
    16.921417139063124,
    532.1335716709727,
    336.8722943061148,
    22.949636062956415,
    269.09543334005866,
    31.528378396003973,
    558.3932247011107,
    160.1276002349332,
    1003.8722719987854,
    54.11263877095189,
    35.997415106743574,
    167.17724206799176,
    18.67545872105984,
    122.40415620303247,
    18.29441216599662,
    17.137799197924323,
    17.9089881911641,
    579.7375579659711,
    19.265134521003347,
    24.415498374961317,
    368.30706592299975,
    65.14799187600147,
    168.4337703831843,
    16.695569391013123
  ],
  "total_train_batch_size": 64,
  "world_size": 4
}