{
  "average_iteration_time_excluding_first_sec": 30.063900574157167,
  "average_sync_time_excluding_first_sec": 1.9802379246600474,
  "epoch_eval_history": [],
  "final_eval_results": {},
  "first_five_losses": [
    0.6161889433860779,
    0.6550287008285522,
    0.7628293037414551,
    0.7979575395584106,
    0.7097632884979248
  ],
  "iteration_times_sec": [
    30.954902441008016,
    30.307927039975766,
    30.805430742999306,
    30.12252847000491,
    29.975440757989418,
    30.402780263015302,
    30.053248803014867,
    29.935201540996786,
    30.06707689599716,
    30.165558501001215,
    30.015996186994016,
    30.032897283992497,
    30.09893990799901,
    30.087900868995348,
    30.083460574998753,
    30.143554701004177,
    30.29070812900318,
    30.07844761799788,
    30.08098185498966,
    30.180098827986512,
    30.064902440004516,
    30.01991774799535,
    30.061166109982878,
    30.112317770021036,
    29.969016306014964,
    30.061026210983982,
    30.10862653600634,
    30.037236864998704,
    30.029930207994767,
    29.943393008987186,
    30.019742998993024,
    30.309999543009326,
    29.99412571900757,
    30.08989884200855,
    29.91280041099526,
    30.130990563018713,
    30.02584480299265,
    30.03652336599771,
    28.572583400004078
  ],
  "per_device_train_batch_size": 16,
  "rank": 3,
  "sync_times_sec": [
    1.8202338110131677,
    1.9406164220126811,
    2.685623372992268,
    1.968981576996157,
    1.886278393008979,
    2.0529520830023102,
    1.7685662980074994,
    1.8458557620178908,
    1.8987427029933315,
    2.003376517997822,
    1.8832356840139255,
    1.9278254820092116,
    2.028362434997689,
    1.9532712680229452,
    1.9846395149943419,
    2.0430473900050856,
    2.1213499619916547,
    1.9950409280136228,
    1.9966455410176422,
    2.1335578719736077,
    1.9857124260161072,
    1.889805315004196,
    1.9621014470176306,
    1.8823301550000906,
    1.889518722979119,
    1.9953033459896687,
    2.083850358001655,
    1.9458494509744924,
    1.962419351999415,
    1.9134656460082624,
    1.9178750260034576,
    2.216211310005747,
    1.8538815090141725,
    2.038354568008799,
    1.8305402330006473,
    1.8869025070162024,
    1.963046315999236,
    1.7547543169930577,
    2.1591499259811826
  ],
  "total_train_batch_size": 64,
  "world_size": 4
}