{
  "average_iteration_time_excluding_first_sec": 30.06453727547686,
  "average_sync_time_excluding_first_sec": 2.019023480318107,
  "epoch_eval_history": [],
  "final_eval_results": {},
  "first_five_losses": [
    0.8880625367164612,
    0.7878372669219971,
    0.7104246616363525,
    0.7080575227737427,
    0.676292896270752
  ],
  "iteration_times_sec": [
    31.01032120900345,
    30.316093686997192,
    30.80487253301544,
    30.122319107991643,
    29.974251587002072,
    30.39856590999989,
    30.06761383000412,
    29.93302988598589,
    30.068748324003536,
    30.213203760009492,
    30.04887931299163,
    30.03638343300554,
    30.10166461399058,
    30.08693217500695,
    30.083391513006063,
    30.145034801011207,
    30.273395774012897,
    30.079002358019352,
    30.075832197006093,
    30.18470827798592,
    30.064998454006854,
    30.025368750997586,
    30.066533035977045,
    30.111537976015825,
    29.964017503982177,
    30.040456659015035,
    30.109817850985564,
    30.036269226984587,
    30.049409964005463,
    29.943577774014557,
    30.019702645018697,
    30.310174940997967,
    29.99231676402269,
    30.08845730900066,
    29.91499884199584,
    30.111750453012064,
    30.027064445021097,
    30.00679570401553,
    28.555245088005904
  ],
  "per_device_train_batch_size": 16,
  "rank": 1,
  "sync_times_sec": [
    1.9252185469958931,
    2.070145758014405,
    2.6029989380040206,
    2.000991343986243,
    1.8869874530064408,
    2.3353389369731303,
    1.9894535380008165,
    1.8814039179997053,
    1.8797784080088604,
    2.0938936060119886,
    1.97171824099496,
    1.9437392610125244,
    1.997009671991691,
    1.931515401985962,
    2.055944397987332,
    2.0862048680137377,
    2.1535831229994074,
    1.9603896740009077,
    1.9943487360142171,
    2.0966568380245008,
    1.9891584589786362,
    1.9593469820101745,
    2.0359381980088074,
    2.0232235710136592,
    1.9522709519951604,
    1.972672075004084,
    2.0276917229930405,
    1.8947936780168675,
    1.99081398700946,
    1.8797535749909002,
    1.944234124996001,
    2.2537986540119164,
    1.8987014730228111,
    1.9419206559832674,
    1.8331135220068973,
    2.0235295229940675,
    1.9538450730033219,
    1.9064014780160505,
    2.309582435002085
  ],
  "total_train_batch_size": 64,
  "world_size": 4
}