{
  "average_iteration_time_excluding_first_sec": 30.062320967024885,
  "average_sync_time_excluding_first_sec": 1.9577944242107486,
  "epoch_eval_history": [],
  "final_eval_results": {},
  "first_five_losses": [
    0.8660660982131958,
    0.654512345790863,
    0.6897085905075073,
    0.6997275352478027,
    0.7447348237037659
  ],
  "iteration_times_sec": [
    31.089557970990427,
    30.311850770987803,
    30.804085781011963,
    30.120475841977168,
    29.973312289977912,
    30.39900958398357,
    30.06593486497877,
    29.932014570978936,
    30.067286253994098,
    30.21305134499562,
    30.046770127984928,
    30.032880629005376,
    30.098072660999605,
    30.088833401998272,
    30.081403432006482,
    30.140036236000014,
    30.29347811898333,
    30.072220620990265,
    30.078730373003054,
    30.178829300013604,
    30.062486987008015,
    29.998095185001148,
    30.061592231009854,
    30.109326767007587,
    29.964770949998638,
    30.03664275200572,
    30.10218060799525,
    30.014777984004468,
    30.04918490201817,
    29.939658481016522,
    29.996597698016558,
    30.30725249898387,
    29.99276563100284,
    30.091630034003174,
    29.91122614001506,
    30.13077141699614,
    30.023511568986578,
    30.006016936997185,
    28.571431771008065
  ],
  "per_device_train_batch_size": 16,
  "rank": 2,
  "sync_times_sec": [
    2.1141333440027665,
    1.83921167999506,
    2.633613070996944,
    1.9481577620026655,
    1.7207204090082087,
    2.269140845979564,
    1.880331896012649,
    1.8441761750145815,
    1.746421919990098,
    1.9526847939996514,
    1.9803094359813258,
    1.933865128987236,
    2.0309515989793,
    1.8319364140043035,
    1.9765862349886447,
    2.1029429539921694,
    2.256503595999675,
    1.8191733330022544,
    1.8695811159850564,
    2.112394272000529,
    1.925256361020729,
    1.8771300069929566,
    1.8978841769858263,
    1.9534525820054114,
    1.8810138610133436,
    1.9256679370009806,
    2.043346438003937,
    1.8948090790072456,
    1.9054859450261574,
    1.8000878370075952,
    1.8832058040134143,
    2.2488570640271064,
    1.8016491410089657,
    1.8489347099966835,
    1.805339575977996,
    1.9815408349968493,
    1.8488483669934794,
    1.8225160890142433,
    2.30245967299561
  ],
  "total_train_batch_size": 64,
  "world_size": 4
}