{
  "average_iteration_time_excluding_first_sec": 30.060981494631147,
  "average_sync_time_excluding_first_sec": 1.8831925506590204,
  "epoch_eval_history": [
    {
      "epoch": 1,
      "metrics": {
        "acc": 0.5956678700361011,
        "eval_loss": 0.6747497779982431
      }
    }
  ],
  "final_eval_results": {
    "acc": 0.5956678700361011,
    "eval_loss": 0.6747497779982431
  },
  "first_five_losses": [
    0.9110654592514038,
    0.8916022777557373,
    0.6934890151023865,
    0.6289050579071045,
    0.7482103705406189
  ],
  "iteration_times_sec": [
    38.90171795597416,
    30.308609745989088,
    30.80725596798584,
    30.113597503019264,
    29.973602671991102,
    30.39257213799283,
    30.05937690398423,
    29.932757453003433,
    30.064161115005845,
    30.207042966998415,
    30.046318464010255,
    30.03051608800888,
    30.076726948987925,
    30.083425213990267,
    30.081237039004918,
    30.117936398019083,
    30.28900131600676,
    30.054936325992458,
    30.079393569991225,
    30.16600591200404,
    30.0606408760068,
    30.020561092998832,
    30.058771638025064,
    30.104848838993348,
    29.967109599005198,
    30.05182367298403,
    30.104582922998816,
    30.03436788500403,
    30.008582505979575,
    29.937476544000674,
    30.014985785994213,
    30.306346482015215,
    29.99035108598764,
    30.109975035011303,
    29.909830238000723,
    30.12196740100626,
    30.02573522599414,
    30.029067656985717,
    28.57579856700613
  ],
  "per_device_train_batch_size": 16,
  "rank": 0,
  "sync_times_sec": [
    9.50803923199419,
    2.0067318879882805,
    2.526414288993692,
    1.829903256992111,
    1.732185800006846,
    2.133502253011102,
    1.8485703790211119,
    1.7761781360022724,
    1.8576617389917374,
    1.921200223005144,
    1.8204512120282743,
    1.8186164629878476,
    1.850526425987482,
    1.8772542250226252,
    1.8438538550108206,
    1.9117422779963817,
    2.1127703359816223,
    1.857622456009267,
    1.7980493899958674,
    1.8853566590114497,
    1.7628077109984588,
    1.804404116992373,
    1.8598844249791,
    1.7914938790199813,
    1.8347403109946754,
    1.830677232996095,
    1.863645200006431,
    1.8560690459853504,
    1.7241069969895761,
    1.807066945999395,
    1.8196974029997364,
    2.0794535820023157,
    1.8196456019941252,
    1.9509490479831584,
    1.764104813017184,
    1.842959466011962,
    1.825896049005678,
    1.7309793460008223,
    2.1841444870224223
  ],
  "total_train_batch_size": 64,
  "world_size": 4
}