{
  "average_iteration_time_excluding_first_sec": 35.25226337355133,
  "average_sync_time_excluding_first_sec": 7.079426890870213,
  "epoch_eval_history": [],
  "final_eval_results": {},
  "first_five_losses": [
    0.8660660982131958,
    0.6545122861862183,
    0.6897085309028625,
    0.699727475643158,
    0.7447348237037659
  ],
  "iteration_times_sec": [
    33.799737819004804,
    35.08588680601679,
    35.26277911703801,
    35.005060216004495,
    35.084186449006665,
    39.7002358980244,
    34.054867655970156,
    33.76976775698131,
    34.52083089802181,
    34.890193434024695,
    33.675149796006735,
    34.04799902398372,
    33.81633109494578,
    34.97978403000161,
    33.90098680695519,
    37.73800658399705,
    34.78336974204285,
    34.044798776041716,
    33.74339188099839,
    44.50132018997101,
    33.79491821001284,
    34.037742018001154,
    34.805421537021175,
    35.61777287896257,
    37.120421321014874,
    33.9701615019585,
    35.23683211999014,
    33.726503618992865,
    34.222854394000024,
    34.32261747500161,
    46.313076048973016,
    33.817095949023496,
    33.95241130300565,
    34.32017328200163,
    34.900443149963394,
    33.88248219899833,
    34.10808250302216,
    35.293993654020596,
    33.538058874954004
  ],
  "per_device_train_batch_size": 16,
  "profiler": {
    "communication_events": [
      {
        "count": 603,
        "cpu_time_total_us": 31259.678999982774,
        "name": "c10d::gather_",
        "self_cpu_time_total_us": 31259.678999982774
      },
      {
        "count": 603,
        "cpu_time_total_us": 8644312.58000001,
        "name": "gloo:gather",
        "self_cpu_time_total_us": 0
      },
      {
        "count": 603,
        "cpu_time_total_us": 30949.584999851882,
        "name": "c10d::scatter_",
        "self_cpu_time_total_us": 30949.584999851882
      },
      {
        "count": 603,
        "cpu_time_total_us": 9866872.003999993,
        "name": "gloo:scatter",
        "self_cpu_time_total_us": 0
      }
    ],
    "profiled_iteration_times_sec": [
      35.08588680601679,
      35.26277911703801,
      35.005060216004495
    ],
    "profiled_sync_overhead_pct": [
      17.858768605874218,
      18.121140205001232,
      17.567087898385566
    ],
    "profiled_sync_times_sec": [
      6.265907338005491,
      6.390017643978354,
      6.149369697028305
    ],
    "trace_file": "/users/Shuzhen/COS568-DistLM-SP26/task4/results/gather_scatter/traces/task2a_rank2.json"
  },
  "rank": 2,
  "sync_times_sec": [
    4.548901571019087,
    6.265907338005491,
    6.390017643978354,
    6.149369697028305,
    6.61822620104067,
    11.59510793699883,
    6.023523252049927,
    5.602431000035722,
    6.390591119998135,
    6.785032807965763,
    5.57390757498797,
    4.7102555289748125,
    5.743952154996805,
    6.897728424984962,
    5.699548156990204,
    9.685574342962354,
    6.7556325499899685,
    5.988944365992211,
    5.673718610021751,
    16.38984972698381,
    5.687834387994371,
    6.010199551994447,
    6.699728553008754,
    7.5474097930127755,
    8.96143923397176,
    5.8491321610054,
    7.130709904013202,
    5.531157051038463,
    6.077905725047458,
    6.199296431965195,
    18.01882656698581,
    5.698916348046623,
    5.8174335029907525,
    6.035821087018121,
    6.751159447012469,
    5.582895775965881,
    6.0083958680043,
    7.197265797003638,
    7.273376233002637
  ],
  "total_train_batch_size": 64,
  "world_size": 4
}