{
  "average_iteration_time_excluding_first_sec": 35.25220854363349,
  "average_sync_time_excluding_first_sec": 7.073372603312907,
  "epoch_eval_history": [],
  "final_eval_results": {},
  "first_five_losses": [
    0.6161889433860779,
    0.6550287008285522,
    0.7628293633460999,
    0.7979576587677002,
    0.70976322889328
  ],
  "iteration_times_sec": [
    33.88056969700847,
    35.08568949898472,
    35.26409891399089,
    35.00550600304268,
    35.0010201309924,
    39.68439848697744,
    34.05355995899299,
    33.769798499997705,
    34.5221305959858,
    34.891760869999416,
    33.63721983600408,
    34.052225769963115,
    33.82170319999568,
    34.985438243020326,
    33.90407391201006,
    37.7417189310072,
    34.78736451000441,
    34.04320509801619,
    33.762819416006096,
    44.490717384032905,
    33.80029320099857,
    34.040273960039485,
    34.82905955502065,
    35.61661408300279,
    37.12178527301876,
    33.973381382005755,
    35.23971403401811,
    33.73083543701796,
    34.224263948970474,
    34.3221347379731,
    46.3167481609853,
    33.82055674196454,
    33.95063341001514,
    34.323903918033466,
    34.90439851296833,
    33.920022006030194,
    34.10874488402624,
    35.29940982698463,
    33.53670232597506
  ],
  "per_device_train_batch_size": 16,
  "profiler": {
    "communication_events": [
      {
        "count": 603,
        "cpu_time_total_us": 29930.003999967128,
        "name": "c10d::gather_",
        "self_cpu_time_total_us": 29930.003999967128
      },
      {
        "count": 603,
        "cpu_time_total_us": 7686823.332000017,
        "name": "gloo:gather",
        "self_cpu_time_total_us": 0
      },
      {
        "count": 603,
        "cpu_time_total_us": 27229.733000095934,
        "name": "c10d::scatter_",
        "self_cpu_time_total_us": 27229.733000095934
      },
      {
        "count": 603,
        "cpu_time_total_us": 10408804.558999933,
        "name": "gloo:scatter",
        "self_cpu_time_total_us": 0
      }
    ],
    "profiled_iteration_times_sec": [
      35.08568949898472,
      35.26409891399089,
      35.00550600304268
    ],
    "profiled_sync_overhead_pct": [
      17.18428651432198,
      17.832281475169143,
      17.3324792861712
    ],
    "profiled_sync_times_sec": [
      6.029225409030914,
      6.288393378024921,
      6.067322076996788
    ],
    "trace_file": "/users/Shuzhen/COS568-DistLM-SP26/task4/results/gather_scatter/traces/task2a_rank3.json"
  },
  "rank": 3,
  "sync_times_sec": [
    4.864586460986175,
    6.029225409030914,
    6.288393378024921,
    6.067322076996788,
    6.539069807971828,
    11.274548153975047,
    5.907779242028482,
    5.599979408027139,
    6.3806122399983,
    6.751526233972982,
    5.459577821020503,
    5.908107097959146,
    5.487170004984364,
    6.886377236980479,
    5.809917044010945,
    9.658705601003021,
    6.571877670008689,
    5.844918372982647,
    5.648131427995395,
    16.384767734038178,
    5.662736353988294,
    5.9773389479960315,
    6.6231572040123865,
    7.436081365973223,
    8.961377399042249,
    5.834703846951015,
    7.149844494997524,
    5.558360024006106,
    6.034590116003528,
    6.229329154011793,
    18.255043968965765,
    5.64780527097173,
    5.8230843669734895,
    6.2199758409988135,
    6.7744417149806395,
    5.743951099051628,
    6.010580172995105,
    7.20574200397823,
    7.142009618983138
  ],
  "total_train_batch_size": 64,
  "world_size": 4
}