{
  "average_iteration_time_excluding_first_sec": 35.254035143397665,
  "average_sync_time_excluding_first_sec": 7.131310099475454,
  "epoch_eval_history": [],
  "final_eval_results": {},
  "first_five_losses": [
    0.8880625367164612,
    0.7878372669219971,
    0.7104247212409973,
    0.7080575227737427,
    0.6762927770614624
  ],
  "iteration_times_sec": [
    33.81913858902408,
    35.061371624004096,
    35.259786712005734,
    35.007892986992374,
    35.022935751010664,
    39.71138290403178,
    34.056527320004534,
    33.76719665102428,
    34.524861605023034,
    34.891529871034436,
    33.6740788060124,
    34.05212844000198,
    33.8204686169629,
    34.98348557797726,
    33.898335584963206,
    37.741511942003854,
    34.78783265000675,
    34.03156187699642,
    33.74710410798434,
    44.506015133985784,
    33.80007616698276,
    34.04216296202503,
    34.83106261596549,
    35.617385254998226,
    37.12627573503414,
    33.97589602402877,
    35.23980063496856,
    33.73299763997784,
    34.22670657699928,
    34.323358188034035,
    46.31945195700973,
    33.82174890098395,
    33.952840854006354,
    34.32264986704104,
    34.90605021402007,
    33.92166345298756,
    34.10854817001382,
    35.297621787001844,
    33.541030285006855
  ],
  "per_device_train_batch_size": 16,
  "profiler": {
    "communication_events": [
      {
        "count": 603,
        "cpu_time_total_us": 26000.154000237584,
        "name": "c10d::gather_",
        "self_cpu_time_total_us": 26000.154000237584
      },
      {
        "count": 603,
        "cpu_time_total_us": 8952234.4390002,
        "name": "gloo:gather",
        "self_cpu_time_total_us": 0
      },
      {
        "count": 603,
        "cpu_time_total_us": 25433.759000129998,
        "name": "c10d::scatter_",
        "self_cpu_time_total_us": 25433.759000129998
      },
      {
        "count": 603,
        "cpu_time_total_us": 9584139.670999993,
        "name": "gloo:scatter",
        "self_cpu_time_total_us": 0
      }
    ],
    "profiled_iteration_times_sec": [
      35.061371624004096,
      35.259786712005734,
      35.007892986992374
    ],
    "profiled_sync_overhead_pct": [
      17.75376299244246,
      18.171760457173367,
      17.621095694892844
    ],
    "profiled_sync_times_sec": [
      6.224712820025161,
      6.407323979015928,
      6.168774324003607
    ],
    "trace_file": "/users/Shuzhen/COS568-DistLM-SP26/task4/results/gather_scatter/traces/task2a_rank1.json"
  },
  "rank": 1,
  "sync_times_sec": [
    4.908156011020765,
    6.224712820025161,
    6.407323979015928,
    6.168774324003607,
    6.355564100958873,
    11.574024189962074,
    5.983268686977681,
    5.705892106983811,
    6.428047041001264,
    6.813453151029535,
    5.5995622660266235,
    5.985595279955305,
    5.733250940975267,
    6.888641774014104,
    5.788476229994558,
    9.610607031034306,
    6.6898212179658,
    5.984539601020515,
    5.67539658799069,
    16.215089662990067,
    5.680627208028454,
    5.969103167008143,
    6.742300911981147,
    7.373106286046095,
    9.035212590999436,
    5.890062060963828,
    7.198518145014532,
    5.652156625001226,
    6.153211028024089,
    6.234892761043739,
    18.267576918005943,
    5.7286752429790795,
    5.890786001982633,
    6.229217923013493,
    6.77844763599569,
    5.8347368010436185,
    6.069322042982094,
    7.185566087020561,
    7.244223351008259
  ],
  "total_train_batch_size": 64,
  "world_size": 4
}