{
  "average_iteration_time_excluding_first_sec": 35.20950291786453,
  "average_sync_time_excluding_first_sec": 5.76559522058539,
  "epoch_eval_history": [
    {
      "epoch": 1,
      "metrics": {
        "acc": 0.5956678700361011,
        "eval_loss": 0.674749823978969
      }
    }
  ],
  "final_eval_results": {
    "acc": 0.5956678700361011,
    "eval_loss": 0.674749823978969
  },
  "first_five_losses": [
    0.9110654592514038,
    0.8916021585464478,
    0.6934890747070312,
    0.6289049983024597,
    0.7482104301452637
  ],
  "iteration_times_sec": [
    41.63371974398615,
    35.05190028902143,
    35.234288681996986,
    34.97567563998746,
    34.49823615903733,
    39.67928113800008,
    34.02133973798482,
    33.74312112201005,
    34.4932820390095,
    34.86040823900839,
    33.64082774397684,
    34.01665632997174,
    33.790128619002644,
    34.95270540902857,
    33.86829492502147,
    37.705239979957696,
    34.75411278899992,
    34.01964600000065,
    33.71912213496398,
    44.469718982989434,
    33.7666872459813,
    34.01500702899648,
    34.7852879500133,
    35.58067823300371,
    37.091233843995724,
    33.940910497971345,
    35.20773407100933,
    33.69064410199644,
    34.186705276952125,
    34.29326507705264,
    46.287345313990954,
    33.78852236102102,
    33.924418157024775,
    34.288132992980536,
    34.87698225094937,
    33.8865765829687,
    34.08117030799622,
    35.262656303995755,
    33.513167320983484
  ],
  "per_device_train_batch_size": 16,
  "profiler": {
    "communication_events": [
      {
        "count": 603,
        "cpu_time_total_us": 53093.311999809,
        "name": "c10d::gather_",
        "self_cpu_time_total_us": 53093.311999809
      },
      {
        "count": 603,
        "cpu_time_total_us": 7595641.251000013,
        "name": "gloo:gather",
        "self_cpu_time_total_us": 0
      },
      {
        "count": 603,
        "cpu_time_total_us": 47696.928999934345,
        "name": "c10d::scatter_",
        "self_cpu_time_total_us": 47696.928999934345
      },
      {
        "count": 603,
        "cpu_time_total_us": 2752519.7829999104,
        "name": "gloo:scatter",
        "self_cpu_time_total_us": 0
      }
    ],
    "profiled_iteration_times_sec": [
      35.05190028902143,
      35.234288681996986,
      34.97567563998746
    ],
    "profiled_sync_overhead_pct": [
      13.27097680204902,
      13.503920538653906,
      13.203535132605335
    ],
    "profiled_sync_times_sec": [
      4.651729556033388,
      4.7580103459768,
      4.61802562099183
    ],
    "trace_file": "/users/Shuzhen/COS568-DistLM-SP26/task4/results/gather_scatter/traces/task2a_rank0.json"
  },
  "rank": 0,
  "sync_times_sec": [
    12.530742720991839,
    4.651729556033388,
    4.7580103459768,
    4.61802562099183,
    4.554622204974294,
    10.099816632980946,
    4.651986550015863,
    4.254017147992272,
    5.004711996007245,
    5.32432772096945,
    4.389842450036667,
    4.611525385000277,
    4.439851031987928,
    5.669496649003122,
    4.474777397001162,
    8.277980098035187,
    5.303465620963834,
    4.6621723609860055,
    4.393122871988453,
    15.02496708498802,
    4.499758274003398,
    4.662856391980313,
    5.2021456499933265,
    6.268817690026481,
    7.778679356037173,
    4.566183186019771,
    5.954466068011243,
    4.5580846660304815,
    4.820847230032086,
    4.871746841003187,
    16.877089868008625,
    4.575681173999328,
    4.530433505016845,
    4.775247896031942,
    5.386868655041326,
    4.490262452047318,
    4.66246369300643,
    5.575682207010686,
    5.870854853012133
  ],
  "total_train_batch_size": 64,
  "world_size": 4
}