{
  "average_iteration_time_excluding_first_sec": 34.63310160171348,
  "average_sync_time_excluding_first_sec": 5.213286895134891,
  "epoch_eval_history": [
    {
      "epoch": 1,
      "metrics": {
        "acc": 0.5956678700361011,
        "eval_loss": 0.674749823978969
      }
    }
  ],
  "final_eval_results": {
    "acc": 0.5956678700361011,
    "eval_loss": 0.674749823978969
  },
  "first_five_losses": [
    0.9110654592514038,
    0.8916021585464478,
    0.6934890747070312,
    0.6289049983024597,
    0.7482104301452637
  ],
  "iteration_times_sec": [
    42.03554357998655,
    35.931809411005815,
    34.8600877019926,
    36.31177508100518,
    33.87468801200157,
    34.40793163399212,
    34.17412892100401,
    35.212311504990794,
    34.52297295202152,
    34.18112749501597,
    34.14976313101943,
    34.368517191993305,
    34.530749022000236,
    34.11821356398286,
    38.539758019003784,
    35.24890314799268,
    34.63086868499522,
    34.10832906200085,
    33.93944606502191,
    34.0905231119832,
    36.10380884099868,
    34.47836873799679,
    33.97569302399643,
    37.141067494027084,
    33.833646557002794,
    34.712335819989676,
    34.50827136999578,
    33.926989149011206,
    33.889156460994855,
    34.36568824600545,
    34.299496287014335,
    35.0410378180095,
    34.6269770830113,
    33.98870785601321,
    34.00220597401494,
    34.80727625399595,
    34.40500170600717,
    34.22828228501021,
    32.52194618899375
  ],
  "per_device_train_batch_size": 16,
  "rank": 0,
  "sync_times_sec": [
    12.519880692008883,
    6.592005549988244,
    5.3801651730027515,
    6.495369971002219,
    4.56253126001684,
    4.8797494060127065,
    4.663413674978074,
    5.7791056639980525,
    5.070827541989274,
    4.742883147002431,
    4.569105303002289,
    4.8203897300118115,
    4.754770939005539,
    4.489407507004216,
    9.07368799901451,
    5.966772715997649,
    4.608922866987996,
    4.577687460987363,
    4.514505005005049,
    4.645631080988096,
    6.718448211002396,
    4.5535252499976195,
    4.4763532710203435,
    7.628452258009929,
    4.470094465010334,
    5.328073768003378,
    5.002478729991708,
    4.599260351998964,
    4.593944790016394,
    4.99799839098705,
    5.106314714998007,
    5.717626811994705,
    5.28776471700985,
    4.690793451009085,
    4.559749047999503,
    5.540451088018017,
    4.829089519014815,
    4.707011158025125,
    5.110540025023511
  ],
  "total_train_batch_size": 64,
  "world_size": 4
}