{
  "average_iteration_time_excluding_first_sec": 34.670384558105354,
  "average_sync_time_excluding_first_sec": 6.587156967239264,
  "epoch_eval_history": [],
  "final_eval_results": {},
  "first_five_losses": [
    0.8660660982131958,
    0.6545122861862183,
    0.6897085309028625,
    0.699727475643158,
    0.7447348237037659
  ],
  "iteration_times_sec": [
    34.1890720409865,
    35.97903148998739,
    34.889638396009104,
    36.35207885201089,
    33.91347525297897,
    34.44104262400651,
    34.23173449799651,
    35.26399234999553,
    34.556674428022234,
    34.21372966701165,
    34.18637062498601,
    34.40727529497235,
    34.57211947400356,
    34.13887881900882,
    38.57326894599828,
    35.28264551900793,
    34.671339711989276,
    34.14241291998769,
    33.96946011899854,
    34.12592668598518,
    36.147861826000735,
    34.51692141999956,
    34.01444907899713,
    37.17480415297905,
    33.86579574001371,
    34.74702070100466,
    34.539973236998776,
    33.95843929902185,
    33.924546087975614,
    34.405635954026366,
    34.335762744012754,
    35.08166289399378,
    34.660492592985975,
    34.0262464590196,
    34.05946446800954,
    34.839716946997214,
    34.44301886300673,
    34.25986050098436,
    32.56184456901974
  ],
  "per_device_train_batch_size": 16,
  "rank": 2,
  "sync_times_sec": [
    4.990837103017839,
    7.537832299014553,
    6.781152017007116,
    8.253085603006184,
    5.772006982995663,
    6.318506599985994,
    5.825606661994243,
    7.204239710990805,
    6.458468980010366,
    6.117316907009808,
    6.105908214987721,
    6.329412553983275,
    6.520977930020308,
    6.0632839419995435,
    10.451272077014437,
    7.233090398018248,
    6.634203304012772,
    6.098838776000775,
    5.769568270014133,
    5.895431572018424,
    7.861123531998601,
    6.131297840998741,
    5.957009966979967,
    9.127901795989601,
    5.735457547008991,
    6.673432445008075,
    6.487520882015815,
    5.812797816994134,
    5.821782519982662,
    6.2639435960154515,
    6.2587022340158,
    6.920286234992091,
    6.569726829009596,
    5.879394968011184,
    5.945479642978171,
    6.744619303004583,
    6.39808434000588,
    6.159807954012649,
    6.193392505985685
  ],
  "total_train_batch_size": 64,
  "world_size": 4
}