{
  "average_iteration_time_excluding_first_sec": 34.65487398739175,
  "average_sync_time_excluding_first_sec": 6.469469853631668,
  "epoch_eval_history": [],
  "final_eval_results": {},
  "first_five_losses": [
    0.6161889433860779,
    0.6550287008285522,
    0.7628293633460999,
    0.7979576587677002,
    0.70976322889328
  ],
  "iteration_times_sec": [
    34.27530178500456,
    35.98072017499362,
    34.88977592298761,
    36.329635020985734,
    33.91417209600331,
    34.44622894699569,
    34.21988507799688,
    35.26584765399457,
    34.56049131299369,
    34.2123824939772,
    34.18777460398269,
    34.408278721006354,
    34.5753197009908,
    34.14982722798595,
    38.575268724991474,
    35.284216222993564,
    34.66993071499746,
    34.14230057000532,
    33.97356432501692,
    34.127142562996596,
    36.2414219439961,
    34.110718598996755,
    33.98861549000139,
    37.13161478302209,
    33.81390133299283,
    34.72764612498577,
    34.51813502097502,
    33.922515198995825,
    33.9238583430124,
    34.36853823301499,
    34.3373697460047,
    35.08413518301677,
    34.634744871989824,
    34.020262648991775,
    34.05874083499657,
    34.842306219012244,
    34.447359059995506,
    34.26212830998702,
    32.5384375010035
  ],
  "per_device_train_batch_size": 16,
  "rank": 3,
  "sync_times_sec": [
    4.92952956299996,
    7.630211826006416,
    6.50257879999117,
    8.0710440010007,
    5.737883172987495,
    6.198082560003968,
    5.842917836009292,
    7.1380809909896925,
    6.376314216002356,
    6.109603352000704,
    6.023326811991865,
    6.108398785989266,
    6.284029932983685,
    5.8765934180119075,
    10.301813016005326,
    7.091390906018205,
    6.512221959012095,
    5.897986939991824,
    5.769317897997098,
    5.772319583018543,
    7.8633898370026145,
    5.618738860008307,
    5.70296166598564,
    8.822724489000393,
    5.539213968004333,
    6.561179108015494,
    6.295930899010273,
    5.681807629996911,
    5.620884964999277,
    6.183836293988861,
    6.17599871600396,
    6.991157851996832,
    6.500767277000705,
    5.889485567982774,
    5.9270645060169045,
    6.722214780980721,
    6.275370210001711,
    6.094770202995278,
    6.128241603000788
  ],
  "total_train_batch_size": 64,
  "world_size": 4
}