{
  "average_iteration_time_excluding_first_sec": 34.662860892817996,
  "average_sync_time_excluding_first_sec": 6.573938645261622,
  "epoch_eval_history": [],
  "final_eval_results": {},
  "first_five_losses": [
    0.8880625367164612,
    0.7878372669219971,
    0.7104247212409973,
    0.7080575227737427,
    0.6762927770614624
  ],
  "iteration_times_sec": [
    34.25250611899537,
    35.97305269402568,
    34.89412238600198,
    36.35245537298033,
    33.914364096999634,
    34.404498628980946,
    34.19769346198882,
    35.267755370005034,
    34.55898277199594,
    34.19340244701016,
    34.18889699698775,
    34.40619293699274,
    34.57597785402322,
    34.1538312890043,
    38.574949180998374,
    35.28488602899597,
    34.67251701501664,
    34.14291347799008,
    33.973644401005004,
    34.09209402400302,
    36.15407245102688,
    34.479875549004646,
    34.006772089982405,
    37.1509373029985,
    33.84704556700308,
    34.72986647600192,
    34.53725260900683,
    33.95759269199334,
    33.92605178800295,
    34.40358260800713,
    34.31826990499394,
    35.08588399301516,
    34.660780817008344,
    34.02870388800511,
    34.06000319099985,
    34.84480175402132,
    34.42427098998451,
    34.241693232004764,
    32.509026589017594
  ],
  "per_device_train_batch_size": 16,
  "rank": 1,
  "sync_times_sec": [
    5.004925210989313,
    7.700913003005553,
    6.75600386899896,
    8.197632997995242,
    5.849597124004504,
    6.210082256002352,
    6.087277446989901,
    7.1006906969996635,
    6.370659873995464,
    6.094410014018649,
    6.010429431014927,
    6.260804008983541,
    6.440805688005639,
    6.051286036003148,
    10.393388077995041,
    7.152370458992664,
    6.570689357002266,
    6.042941502993926,
    5.897859534015879,
    6.036269985022955,
    8.036865081987344,
    6.07038380598533,
    5.903873400995508,
    9.092347924015485,
    5.659897058998467,
    6.578419315977953,
    6.446766856010072,
    5.848269699985394,
    5.749183385982178,
    6.285580026975367,
    6.158976776001509,
    6.936763154022628,
    6.5757604879909195,
    5.9306501309911255,
    5.962040267011616,
    6.663378308992833,
    6.365992777980864,
    6.113179620995652,
    6.207229077001102
  ],
  "total_train_batch_size": 64,
  "world_size": 4
}